{
	"BUILD_DIR" : "/home/parham/Personal/School/Saddleback/2021 Fall/CS 1D/Project-2-CS1D/cmake-build-debug/Project-2-CS1D_autogen",
	"CMAKE_BINARY_DIR" : "/home/parham/Personal/School/Saddleback/2021 Fall/CS 1D/Project-2-CS1D/cmake-build-debug",
	"CMAKE_CURRENT_BINARY_DIR" : "/home/parham/Personal/School/Saddleback/2021 Fall/CS 1D/Project-2-CS1D/cmake-build-debug",
	"CMAKE_CURRENT_SOURCE_DIR" : "/home/parham/Personal/School/Saddleback/2021 Fall/CS 1D/Project-2-CS1D",
	"CMAKE_EXECUTABLE" : "/snap/clion/175/bin/cmake/linux/bin/cmake",
	"CMAKE_LIST_FILES" : 
	[
		"/home/parham/Personal/School/Saddleback/2021 Fall/CS 1D/Project-2-CS1D/CMakeLists.txt",
		"/snap/clion/175/bin/cmake/linux/share/cmake-3.21/Modules/CMakeDetermineSystem.cmake",
		"/snap/clion/175/bin/cmake/linux/share/cmake-3.21/Modules/CMakeSystem.cmake.in",
		"/home/parham/Personal/School/Saddleback/2021 Fall/CS 1D/Project-2-CS1D/cmake-build-debug/CMakeFiles/3.21.1/CMakeSystem.cmake",
		"/snap/clion/175/bin/cmake/linux/share/cmake-3.21/Modules/CMakeUnixFindMake.cmake",
		"/snap/clion/175/bin/cmake/linux/share/cmake-3.21/Modules/CMakeSystemSpecificInitialize.cmake",
		"/snap/clion/175/bin/cmake/linux/share/cmake-3.21/Modules/CMakeDetermineCCompiler.cmake",
		"/snap/clion/175/bin/cmake/linux/share/cmake-3.21/Modules/CMakeDetermineCompiler.cmake",
		"/snap/clion/175/bin/cmake/linux/share/cmake-3.21/Modules/CMakeDetermineCompilerId.cmake",
		"/snap/clion/175/bin/cmake/linux/share/cmake-3.21/Modules/CMakeCompilerIdDetection.cmake",
		"/snap/clion/175/bin/cmake/linux/share/cmake-3.21/Modules/Compiler/ADSP-DetermineCompiler.cmake",
		"/snap/clion/175/bin/cmake/linux/share/cmake-3.21/Modules/Compiler/ARMCC-DetermineCompiler.cmake",
		"/snap/clion/175/bin/cmake/linux/share/cmake-3.21/Modules/Compiler/ARMClang-DetermineCompiler.cmake",
		"/snap/clion/175/bin/cmake/linux/share/cmake-3.21/Modules/Compiler/AppleClang-DetermineCompiler.cmake",
		"/snap/clion/175/bin/cmake/linux/share/cmake-3.21/Modules/Compiler/Clang-DetermineCompilerInternal.cmake",
		"/snap/clion/175/bin/cmake/linux/share/cmake-3.21/Modules/Compiler/Borland-DetermineCompiler.cmake",
		"/snap/clion/175/bin/cmake/linux/share/cmake-3.21/Modules/Compiler/Bruce-C-DetermineCompiler.cmake",
		"/snap/clion/175/bin/cmake/linux/share/cmake-3.21/Modules/Compiler/Clang-DetermineCompiler.cmake",
		"/snap/clion/175/bin/cmake/linux/share/cmake-3.21/Modules/Compiler/Clang-DetermineCompilerInternal.cmake",
		"/snap/clion/175/bin/cmake/linux/share/cmake-3.21/Modules/Compiler/Compaq-C-DetermineCompiler.cmake",
		"/snap/clion/175/bin/cmake/linux/share/cmake-3.21/Modules/Compiler/Cray-DetermineCompiler.cmake",
		"/snap/clion/175/bin/cmake/linux/share/cmake-3.21/Modules/Compiler/Embarcadero-DetermineCompiler.cmake",
		"/snap/clion/175/bin/cmake/linux/share/cmake-3.21/Modules/Compiler/Fujitsu-DetermineCompiler.cmake",
		"/snap/clion/175/bin/cmake/linux/share/cmake-3.21/Modules/Compiler/FujitsuClang-DetermineCompiler.cmake",
		"/snap/clion/175/bin/cmake/linux/share/cmake-3.21/Modules/Compiler/GHS-DetermineCompiler.cmake",
		"/snap/clion/175/bin/cmake/linux/share/cmake-3.21/Modules/Compiler/GNU-C-DetermineCompiler.cmake",
		"/snap/clion/175/bin/cmake/linux/share/cmake-3.21/Modules/Compiler/HP-C-DetermineCompiler.cmake",
		"/snap/clion/175/bin/cmake/linux/share/cmake-3.21/Modules/Compiler/IAR-DetermineCompiler.cmake",
		"/snap/clion/175/bin/cmake/linux/share/cmake-3.21/Modules/Compiler/Intel-DetermineCompiler.cmake",
		"/snap/clion/175/bin/cmake/linux/share/cmake-3.21/Modules/Compiler/IntelLLVM-DetermineCompiler.cmake",
		"/snap/clion/175/bin/cmake/linux/share/cmake-3.21/Modules/Compiler/MSVC-DetermineCompiler.cmake",
		"/snap/clion/175/bin/cmake/linux/share/cmake-3.21/Modules/Compiler/NVHPC-DetermineCompiler.cmake",
		"/snap/clion/175/bin/cmake/linux/share/cmake-3.21/Modules/Compiler/NVIDIA-DetermineCompiler.cmake",
		"/snap/clion/175/bin/cmake/linux/share/cmake-3.21/Modules/Compiler/OpenWatcom-DetermineCompiler.cmake",
		"/snap/clion/175/bin/cmake/linux/share/cmake-3.21/Modules/Compiler/PGI-DetermineCompiler.cmake",
		"/snap/clion/175/bin/cmake/linux/share/cmake-3.21/Modules/Compiler/PathScale-DetermineCompiler.cmake",
		"/snap/clion/175/bin/cmake/linux/share/cmake-3.21/Modules/Compiler/ROCMClang-DetermineCompiler.cmake",
		"/snap/clion/175/bin/cmake/linux/share/cmake-3.21/Modules/Compiler/SCO-DetermineCompiler.cmake",
		"/snap/clion/175/bin/cmake/linux/share/cmake-3.21/Modules/Compiler/SDCC-C-DetermineCompiler.cmake",
		"/snap/clion/175/bin/cmake/linux/share/cmake-3.21/Modules/Compiler/SunPro-C-DetermineCompiler.cmake",
		"/snap/clion/175/bin/cmake/linux/share/cmake-3.21/Modules/Compiler/TI-DetermineCompiler.cmake",
		"/snap/clion/175/bin/cmake/linux/share/cmake-3.21/Modules/Compiler/TinyCC-C-DetermineCompiler.cmake",
		"/snap/clion/175/bin/cmake/linux/share/cmake-3.21/Modules/Compiler/VisualAge-C-DetermineCompiler.cmake",
		"/snap/clion/175/bin/cmake/linux/share/cmake-3.21/Modules/Compiler/IBMCPP-C-DetermineVersionInternal.cmake",
		"/snap/clion/175/bin/cmake/linux/share/cmake-3.21/Modules/Compiler/Watcom-DetermineCompiler.cmake",
		"/snap/clion/175/bin/cmake/linux/share/cmake-3.21/Modules/Compiler/XL-C-DetermineCompiler.cmake",
		"/snap/clion/175/bin/cmake/linux/share/cmake-3.21/Modules/Compiler/IBMCPP-C-DetermineVersionInternal.cmake",
		"/snap/clion/175/bin/cmake/linux/share/cmake-3.21/Modules/Compiler/XLClang-C-DetermineCompiler.cmake",
		"/snap/clion/175/bin/cmake/linux/share/cmake-3.21/Modules/Compiler/zOS-C-DetermineCompiler.cmake",
		"/snap/clion/175/bin/cmake/linux/share/cmake-3.21/Modules/Compiler/IBMCPP-C-DetermineVersionInternal.cmake",
		"/snap/clion/175/bin/cmake/linux/share/cmake-3.21/Modules/CMakeFindBinUtils.cmake",
		"/snap/clion/175/bin/cmake/linux/share/cmake-3.21/Modules/Compiler/GNU-FindBinUtils.cmake",
		"/snap/clion/175/bin/cmake/linux/share/cmake-3.21/Modules/CMakeCCompiler.cmake.in",
		"/home/parham/Personal/School/Saddleback/2021 Fall/CS 1D/Project-2-CS1D/cmake-build-debug/CMakeFiles/3.21.1/CMakeCCompiler.cmake",
		"/snap/clion/175/bin/cmake/linux/share/cmake-3.21/Modules/CMakeDetermineCXXCompiler.cmake",
		"/snap/clion/175/bin/cmake/linux/share/cmake-3.21/Modules/CMakeDetermineCompiler.cmake",
		"/snap/clion/175/bin/cmake/linux/share/cmake-3.21/Modules/Platform/Linux-Determine-CXX.cmake",
		"/snap/clion/175/bin/cmake/linux/share/cmake-3.21/Modules/CMakeDetermineCompilerId.cmake",
		"/snap/clion/175/bin/cmake/linux/share/cmake-3.21/Modules/CMakeCompilerIdDetection.cmake",
		"/snap/clion/175/bin/cmake/linux/share/cmake-3.21/Modules/Compiler/ADSP-DetermineCompiler.cmake",
		"/snap/clion/175/bin/cmake/linux/share/cmake-3.21/Modules/Compiler/ARMCC-DetermineCompiler.cmake",
		"/snap/clion/175/bin/cmake/linux/share/cmake-3.21/Modules/Compiler/ARMClang-DetermineCompiler.cmake",
		"/snap/clion/175/bin/cmake/linux/share/cmake-3.21/Modules/Compiler/AppleClang-DetermineCompiler.cmake",
		"/snap/clion/175/bin/cmake/linux/share/cmake-3.21/Modules/Compiler/Clang-DetermineCompilerInternal.cmake",
		"/snap/clion/175/bin/cmake/linux/share/cmake-3.21/Modules/Compiler/Borland-DetermineCompiler.cmake",
		"/snap/clion/175/bin/cmake/linux/share/cmake-3.21/Modules/Compiler/Clang-DetermineCompiler.cmake",
		"/snap/clion/175/bin/cmake/linux/share/cmake-3.21/Modules/Compiler/Clang-DetermineCompilerInternal.cmake",
		"/snap/clion/175/bin/cmake/linux/share/cmake-3.21/Modules/Compiler/Comeau-CXX-DetermineCompiler.cmake",
		"/snap/clion/175/bin/cmake/linux/share/cmake-3.21/Modules/Compiler/Compaq-CXX-DetermineCompiler.cmake",
		"/snap/clion/175/bin/cmake/linux/share/cmake-3.21/Modules/Compiler/Cray-DetermineCompiler.cmake",
		"/snap/clion/175/bin/cmake/linux/share/cmake-3.21/Modules/Compiler/Embarcadero-DetermineCompiler.cmake",
		"/snap/clion/175/bin/cmake/linux/share/cmake-3.21/Modules/Compiler/Fujitsu-DetermineCompiler.cmake",
		"/snap/clion/175/bin/cmake/linux/share/cmake-3.21/Modules/Compiler/FujitsuClang-DetermineCompiler.cmake",
		"/snap/clion/175/bin/cmake/linux/share/cmake-3.21/Modules/Compiler/GHS-DetermineCompiler.cmake",
		"/snap/clion/175/bin/cmake/linux/share/cmake-3.21/Modules/Compiler/GNU-CXX-DetermineCompiler.cmake",
		"/snap/clion/175/bin/cmake/linux/share/cmake-3.21/Modules/Compiler/HP-CXX-DetermineCompiler.cmake",
		"/snap/clion/175/bin/cmake/linux/share/cmake-3.21/Modules/Compiler/IAR-DetermineCompiler.cmake",
		"/snap/clion/175/bin/cmake/linux/share/cmake-3.21/Modules/Compiler/Intel-DetermineCompiler.cmake",
		"/snap/clion/175/bin/cmake/linux/share/cmake-3.21/Modules/Compiler/IntelLLVM-DetermineCompiler.cmake",
		"/snap/clion/175/bin/cmake/linux/share/cmake-3.21/Modules/Compiler/MSVC-DetermineCompiler.cmake",
		"/snap/clion/175/bin/cmake/linux/share/cmake-3.21/Modules/Compiler/NVHPC-DetermineCompiler.cmake",
		"/snap/clion/175/bin/cmake/linux/share/cmake-3.21/Modules/Compiler/NVIDIA-DetermineCompiler.cmake",
		"/snap/clion/175/bin/cmake/linux/share/cmake-3.21/Modules/Compiler/OpenWatcom-DetermineCompiler.cmake",
		"/snap/clion/175/bin/cmake/linux/share/cmake-3.21/Modules/Compiler/PGI-DetermineCompiler.cmake",
		"/snap/clion/175/bin/cmake/linux/share/cmake-3.21/Modules/Compiler/PathScale-DetermineCompiler.cmake",
		"/snap/clion/175/bin/cmake/linux/share/cmake-3.21/Modules/Compiler/ROCMClang-DetermineCompiler.cmake",
		"/snap/clion/175/bin/cmake/linux/share/cmake-3.21/Modules/Compiler/SCO-DetermineCompiler.cmake",
		"/snap/clion/175/bin/cmake/linux/share/cmake-3.21/Modules/Compiler/SunPro-CXX-DetermineCompiler.cmake",
		"/snap/clion/175/bin/cmake/linux/share/cmake-3.21/Modules/Compiler/TI-DetermineCompiler.cmake",
		"/snap/clion/175/bin/cmake/linux/share/cmake-3.21/Modules/Compiler/VisualAge-CXX-DetermineCompiler.cmake",
		"/snap/clion/175/bin/cmake/linux/share/cmake-3.21/Modules/Compiler/IBMCPP-CXX-DetermineVersionInternal.cmake",
		"/snap/clion/175/bin/cmake/linux/share/cmake-3.21/Modules/Compiler/Watcom-DetermineCompiler.cmake",
		"/snap/clion/175/bin/cmake/linux/share/cmake-3.21/Modules/Compiler/XL-CXX-DetermineCompiler.cmake",
		"/snap/clion/175/bin/cmake/linux/share/cmake-3.21/Modules/Compiler/IBMCPP-CXX-DetermineVersionInternal.cmake",
		"/snap/clion/175/bin/cmake/linux/share/cmake-3.21/Modules/Compiler/XLClang-CXX-DetermineCompiler.cmake",
		"/snap/clion/175/bin/cmake/linux/share/cmake-3.21/Modules/Compiler/zOS-CXX-DetermineCompiler.cmake",
		"/snap/clion/175/bin/cmake/linux/share/cmake-3.21/Modules/Compiler/IBMCPP-CXX-DetermineVersionInternal.cmake",
		"/snap/clion/175/bin/cmake/linux/share/cmake-3.21/Modules/CMakeFindBinUtils.cmake",
		"/snap/clion/175/bin/cmake/linux/share/cmake-3.21/Modules/Compiler/GNU-FindBinUtils.cmake",
		"/snap/clion/175/bin/cmake/linux/share/cmake-3.21/Modules/CMakeCXXCompiler.cmake.in",
		"/home/parham/Personal/School/Saddleback/2021 Fall/CS 1D/Project-2-CS1D/cmake-build-debug/CMakeFiles/3.21.1/CMakeCXXCompiler.cmake",
		"/snap/clion/175/bin/cmake/linux/share/cmake-3.21/Modules/CMakeSystemSpecificInformation.cmake",
		"/snap/clion/175/bin/cmake/linux/share/cmake-3.21/Modules/CMakeGenericSystem.cmake",
		"/snap/clion/175/bin/cmake/linux/share/cmake-3.21/Modules/CMakeInitializeConfigs.cmake",
		"/snap/clion/175/bin/cmake/linux/share/cmake-3.21/Modules/Platform/Linux.cmake",
		"/snap/clion/175/bin/cmake/linux/share/cmake-3.21/Modules/Platform/UnixPaths.cmake",
		"/snap/clion/175/bin/cmake/linux/share/cmake-3.21/Modules/CMakeFindCodeBlocks.cmake",
		"/snap/clion/175/bin/cmake/linux/share/cmake-3.21/Modules/CMakeExtraGeneratorDetermineCompilerMacrosAndIncludeDirs.cmake",
		"/snap/clion/175/bin/cmake/linux/share/cmake-3.21/Modules/ProcessorCount.cmake",
		"/snap/clion/175/bin/cmake/linux/share/cmake-3.21/Modules/CMakeCInformation.cmake",
		"/snap/clion/175/bin/cmake/linux/share/cmake-3.21/Modules/CMakeLanguageInformation.cmake",
		"/snap/clion/175/bin/cmake/linux/share/cmake-3.21/Modules/Compiler/GNU-C.cmake",
		"/snap/clion/175/bin/cmake/linux/share/cmake-3.21/Modules/Compiler/GNU.cmake",
		"/snap/clion/175/bin/cmake/linux/share/cmake-3.21/Modules/Compiler/CMakeCommonCompilerMacros.cmake",
		"/snap/clion/175/bin/cmake/linux/share/cmake-3.21/Modules/Platform/Linux-GNU-C.cmake",
		"/snap/clion/175/bin/cmake/linux/share/cmake-3.21/Modules/Platform/Linux-GNU.cmake",
		"/snap/clion/175/bin/cmake/linux/share/cmake-3.21/Modules/CMakeCommonLanguageInclude.cmake",
		"/snap/clion/175/bin/cmake/linux/share/cmake-3.21/Modules/CMakeTestCCompiler.cmake",
		"/snap/clion/175/bin/cmake/linux/share/cmake-3.21/Modules/CMakeTestCompilerCommon.cmake",
		"/snap/clion/175/bin/cmake/linux/share/cmake-3.21/Modules/CMakeDetermineCompilerABI.cmake",
		"/snap/clion/175/bin/cmake/linux/share/cmake-3.21/Modules/CMakeParseImplicitIncludeInfo.cmake",
		"/snap/clion/175/bin/cmake/linux/share/cmake-3.21/Modules/CMakeParseImplicitLinkInfo.cmake",
		"/snap/clion/175/bin/cmake/linux/share/cmake-3.21/Modules/CMakeParseLibraryArchitecture.cmake",
		"/snap/clion/175/bin/cmake/linux/share/cmake-3.21/Modules/CMakeTestCompilerCommon.cmake",
		"/snap/clion/175/bin/cmake/linux/share/cmake-3.21/Modules/CMakeCCompilerABI.c",
		"/snap/clion/175/bin/cmake/linux/share/cmake-3.21/Modules/CMakeDetermineCompileFeatures.cmake",
		"/snap/clion/175/bin/cmake/linux/share/cmake-3.21/Modules/Internal/FeatureTesting.cmake",
		"/snap/clion/175/bin/cmake/linux/share/cmake-3.21/Modules/CMakeCCompiler.cmake.in",
		"/home/parham/Personal/School/Saddleback/2021 Fall/CS 1D/Project-2-CS1D/cmake-build-debug/CMakeFiles/3.21.1/CMakeCCompiler.cmake",
		"/snap/clion/175/bin/cmake/linux/share/cmake-3.21/Modules/CMakeCXXInformation.cmake",
		"/snap/clion/175/bin/cmake/linux/share/cmake-3.21/Modules/CMakeLanguageInformation.cmake",
		"/snap/clion/175/bin/cmake/linux/share/cmake-3.21/Modules/Compiler/GNU-CXX.cmake",
		"/snap/clion/175/bin/cmake/linux/share/cmake-3.21/Modules/Compiler/GNU.cmake",
		"/snap/clion/175/bin/cmake/linux/share/cmake-3.21/Modules/Platform/Linux-GNU-CXX.cmake",
		"/snap/clion/175/bin/cmake/linux/share/cmake-3.21/Modules/Platform/Linux-GNU.cmake",
		"/snap/clion/175/bin/cmake/linux/share/cmake-3.21/Modules/CMakeCommonLanguageInclude.cmake",
		"/snap/clion/175/bin/cmake/linux/share/cmake-3.21/Modules/CMakeTestCXXCompiler.cmake",
		"/snap/clion/175/bin/cmake/linux/share/cmake-3.21/Modules/CMakeTestCompilerCommon.cmake",
		"/snap/clion/175/bin/cmake/linux/share/cmake-3.21/Modules/CMakeDetermineCompilerABI.cmake",
		"/snap/clion/175/bin/cmake/linux/share/cmake-3.21/Modules/CMakeParseImplicitIncludeInfo.cmake",
		"/snap/clion/175/bin/cmake/linux/share/cmake-3.21/Modules/CMakeParseImplicitLinkInfo.cmake",
		"/snap/clion/175/bin/cmake/linux/share/cmake-3.21/Modules/CMakeParseLibraryArchitecture.cmake",
		"/snap/clion/175/bin/cmake/linux/share/cmake-3.21/Modules/CMakeTestCompilerCommon.cmake",
		"/snap/clion/175/bin/cmake/linux/share/cmake-3.21/Modules/CMakeCXXCompilerABI.cpp",
		"/snap/clion/175/bin/cmake/linux/share/cmake-3.21/Modules/CMakeDetermineCompileFeatures.cmake",
		"/snap/clion/175/bin/cmake/linux/share/cmake-3.21/Modules/Internal/FeatureTesting.cmake",
		"/snap/clion/175/bin/cmake/linux/share/cmake-3.21/Modules/CMakeCXXCompiler.cmake.in",
		"/home/parham/Personal/School/Saddleback/2021 Fall/CS 1D/Project-2-CS1D/cmake-build-debug/CMakeFiles/3.21.1/CMakeCXXCompiler.cmake",
		"/home/parham/Qt/6.1.2/gcc_64/lib/cmake/Qt6/Qt6ConfigVersion.cmake",
		"/home/parham/Qt/6.1.2/gcc_64/lib/cmake/Qt6/Qt6Config.cmake",
		"/home/parham/Qt/6.1.2/gcc_64/lib/cmake/Qt6/Qt6Targets.cmake",
		"/home/parham/Qt/6.1.2/gcc_64/lib/cmake/Qt6/Qt6VersionlessTargets.cmake",
		"/snap/clion/175/bin/cmake/linux/share/cmake-3.21/Modules/CMakeFindDependencyMacro.cmake",
		"/home/parham/Qt/6.1.2/gcc_64/lib/cmake/Qt6/Qt6Dependencies.cmake",
		"/snap/clion/175/bin/cmake/linux/share/cmake-3.21/Modules/FindThreads.cmake",
		"/snap/clion/175/bin/cmake/linux/share/cmake-3.21/Modules/CheckLibraryExists.cmake",
		"/snap/clion/175/bin/cmake/linux/share/cmake-3.21/Modules/CheckIncludeFile.cmake",
		"/snap/clion/175/bin/cmake/linux/share/cmake-3.21/Modules/CheckCSourceCompiles.cmake",
		"/snap/clion/175/bin/cmake/linux/share/cmake-3.21/Modules/Internal/CheckSourceCompiles.cmake",
		"/snap/clion/175/bin/cmake/linux/share/cmake-3.21/Modules/CheckIncludeFile.c.in",
		"/snap/clion/175/bin/cmake/linux/share/cmake-3.21/Modules/CheckForPthreads.c",
		"/snap/clion/175/bin/cmake/linux/share/cmake-3.21/Modules/FindPackageHandleStandardArgs.cmake",
		"/snap/clion/175/bin/cmake/linux/share/cmake-3.21/Modules/FindPackageMessage.cmake",
		"/home/parham/Qt/6.1.2/gcc_64/lib/cmake/Qt6Core/Qt6CoreConfigVersion.cmake",
		"/home/parham/Qt/6.1.2/gcc_64/lib/cmake/Qt6Core/Qt6CoreConfig.cmake",
		"/snap/clion/175/bin/cmake/linux/share/cmake-3.21/Modules/CMakeFindDependencyMacro.cmake",
		"/home/parham/Qt/6.1.2/gcc_64/lib/cmake/Qt6Core/Qt6CoreDependencies.cmake",
		"/home/parham/Qt/6.1.2/gcc_64/lib/cmake/Qt6/Qt6ConfigVersion.cmake",
		"/home/parham/Qt/6.1.2/gcc_64/lib/cmake/Qt6/Qt6Config.cmake",
		"/home/parham/Qt/6.1.2/gcc_64/lib/cmake/Qt6/Qt6Targets.cmake",
		"/home/parham/Qt/6.1.2/gcc_64/lib/cmake/Qt6/Qt6VersionlessTargets.cmake",
		"/snap/clion/175/bin/cmake/linux/share/cmake-3.21/Modules/CMakeFindDependencyMacro.cmake",
		"/home/parham/Qt/6.1.2/gcc_64/lib/cmake/Qt6/Qt6Dependencies.cmake",
		"/snap/clion/175/bin/cmake/linux/share/cmake-3.21/Modules/FindThreads.cmake",
		"/snap/clion/175/bin/cmake/linux/share/cmake-3.21/Modules/CheckLibraryExists.cmake",
		"/snap/clion/175/bin/cmake/linux/share/cmake-3.21/Modules/CheckIncludeFile.cmake",
		"/snap/clion/175/bin/cmake/linux/share/cmake-3.21/Modules/CheckCSourceCompiles.cmake",
		"/snap/clion/175/bin/cmake/linux/share/cmake-3.21/Modules/FindPackageHandleStandardArgs.cmake",
		"/snap/clion/175/bin/cmake/linux/share/cmake-3.21/Modules/FindPackageMessage.cmake",
		"/home/parham/Qt/6.1.2/gcc_64/lib/cmake/Qt6/FindWrapAtomic.cmake",
		"/snap/clion/175/bin/cmake/linux/share/cmake-3.21/Modules/CheckCXXSourceCompiles.cmake",
		"/snap/clion/175/bin/cmake/linux/share/cmake-3.21/Modules/Internal/CheckSourceCompiles.cmake",
		"/snap/clion/175/bin/cmake/linux/share/cmake-3.21/Modules/FindPackageHandleStandardArgs.cmake",
		"/snap/clion/175/bin/cmake/linux/share/cmake-3.21/Modules/FindPackageMessage.cmake",
		"/home/parham/Qt/6.1.2/gcc_64/lib/cmake/Qt6CoreTools/Qt6CoreToolsConfigVersion.cmake",
		"/home/parham/Qt/6.1.2/gcc_64/lib/cmake/Qt6CoreTools/Qt6CoreToolsConfig.cmake",
		"/snap/clion/175/bin/cmake/linux/share/cmake-3.21/Modules/CMakeFindDependencyMacro.cmake",
		"/home/parham/Qt/6.1.2/gcc_64/lib/cmake/Qt6CoreTools/Qt6CoreToolsDependencies.cmake",
		"/home/parham/Qt/6.1.2/gcc_64/lib/cmake/Qt6CoreTools/Qt6CoreToolsTargets.cmake",
		"/home/parham/Qt/6.1.2/gcc_64/lib/cmake/Qt6CoreTools/Qt6CoreToolsTargets-relwithdebinfo.cmake",
		"/home/parham/Qt/6.1.2/gcc_64/lib/cmake/Qt6CoreTools/Qt6CoreToolsAdditionalTargetInfo.cmake",
		"/home/parham/Qt/6.1.2/gcc_64/lib/cmake/Qt6CoreTools/Qt6CoreToolsVersionlessTargets.cmake",
		"/home/parham/Qt/6.1.2/gcc_64/lib/cmake/Qt6Core/Qt6CoreTargets.cmake",
		"/home/parham/Qt/6.1.2/gcc_64/lib/cmake/Qt6Core/Qt6CoreTargets-relwithdebinfo.cmake",
		"/home/parham/Qt/6.1.2/gcc_64/lib/cmake/Qt6Core/Qt6CoreAdditionalTargetInfo.cmake",
		"/home/parham/Qt/6.1.2/gcc_64/lib/cmake/Qt6Core/Qt6CoreVersionlessTargets.cmake",
		"/home/parham/Qt/6.1.2/gcc_64/lib/cmake/Qt6Core/Qt6CoreMacros.cmake",
		"/snap/clion/175/bin/cmake/linux/share/cmake-3.21/Modules/CMakeParseArguments.cmake",
		"/home/parham/Qt/6.1.2/gcc_64/lib/cmake/Qt6Core/Qt6CoreConfigExtras.cmake",
		"/home/parham/Qt/6.1.2/gcc_64/lib/cmake/Qt6/QtFeature.cmake",
		"/home/parham/Qt/6.1.2/gcc_64/lib/cmake/Qt6/QtFeatureCommon.cmake",
		"/snap/clion/175/bin/cmake/linux/share/cmake-3.21/Modules/CheckCXXCompilerFlag.cmake",
		"/snap/clion/175/bin/cmake/linux/share/cmake-3.21/Modules/CheckCXXSourceCompiles.cmake",
		"/snap/clion/175/bin/cmake/linux/share/cmake-3.21/Modules/Internal/CheckCompilerFlag.cmake",
		"/snap/clion/175/bin/cmake/linux/share/cmake-3.21/Modules/Internal/CheckSourceCompiles.cmake",
		"/snap/clion/175/bin/cmake/linux/share/cmake-3.21/Modules/CMakeCheckCompilerFlagCommonPatterns.cmake",
		"/home/parham/Qt/6.1.2/gcc_64/lib/cmake/Qt6Gui/Qt6GuiConfigVersion.cmake",
		"/home/parham/Qt/6.1.2/gcc_64/lib/cmake/Qt6Gui/Qt6GuiConfig.cmake",
		"/snap/clion/175/bin/cmake/linux/share/cmake-3.21/Modules/CMakeFindDependencyMacro.cmake",
		"/home/parham/Qt/6.1.2/gcc_64/lib/cmake/Qt6Gui/Qt6GuiDependencies.cmake",
		"/home/parham/Qt/6.1.2/gcc_64/lib/cmake/Qt6/Qt6ConfigVersion.cmake",
		"/home/parham/Qt/6.1.2/gcc_64/lib/cmake/Qt6/Qt6Config.cmake",
		"/home/parham/Qt/6.1.2/gcc_64/lib/cmake/Qt6/Qt6Targets.cmake",
		"/home/parham/Qt/6.1.2/gcc_64/lib/cmake/Qt6/Qt6VersionlessTargets.cmake",
		"/snap/clion/175/bin/cmake/linux/share/cmake-3.21/Modules/CMakeFindDependencyMacro.cmake",
		"/home/parham/Qt/6.1.2/gcc_64/lib/cmake/Qt6/Qt6Dependencies.cmake",
		"/snap/clion/175/bin/cmake/linux/share/cmake-3.21/Modules/FindThreads.cmake",
		"/snap/clion/175/bin/cmake/linux/share/cmake-3.21/Modules/CheckLibraryExists.cmake",
		"/snap/clion/175/bin/cmake/linux/share/cmake-3.21/Modules/CheckIncludeFile.cmake",
		"/snap/clion/175/bin/cmake/linux/share/cmake-3.21/Modules/CheckCSourceCompiles.cmake",
		"/snap/clion/175/bin/cmake/linux/share/cmake-3.21/Modules/FindPackageHandleStandardArgs.cmake",
		"/snap/clion/175/bin/cmake/linux/share/cmake-3.21/Modules/FindPackageMessage.cmake",
		"/home/parham/Qt/6.1.2/gcc_64/lib/cmake/Qt6/FindWrapOpenGL.cmake",
		"/snap/clion/175/bin/cmake/linux/share/cmake-3.21/Modules/FindOpenGL.cmake",
		"/snap/clion/175/bin/cmake/linux/share/cmake-3.21/Modules/FindPackageHandleStandardArgs.cmake",
		"/snap/clion/175/bin/cmake/linux/share/cmake-3.21/Modules/FindPackageMessage.cmake",
		"/snap/clion/175/bin/cmake/linux/share/cmake-3.21/Modules/FindPackageHandleStandardArgs.cmake",
		"/snap/clion/175/bin/cmake/linux/share/cmake-3.21/Modules/FindPackageMessage.cmake",
		"/snap/clion/175/bin/cmake/linux/share/cmake-3.21/Modules/FindVulkan.cmake",
		"/snap/clion/175/bin/cmake/linux/share/cmake-3.21/Modules/FindPackageHandleStandardArgs.cmake",
		"/snap/clion/175/bin/cmake/linux/share/cmake-3.21/Modules/FindPackageMessage.cmake",
		"/home/parham/Qt/6.1.2/gcc_64/lib/cmake/Qt6/3rdparty/kwin/FindXKB.cmake",
		"/snap/clion/175/bin/cmake/linux/share/cmake-3.21/Modules/FindPkgConfig.cmake",
		"/snap/clion/175/bin/cmake/linux/share/cmake-3.21/Modules/FindPackageHandleStandardArgs.cmake",
		"/snap/clion/175/bin/cmake/linux/share/cmake-3.21/Modules/FindPackageMessage.cmake",
		"/snap/clion/175/bin/cmake/linux/share/cmake-3.21/Modules/FindPackageHandleStandardArgs.cmake",
		"/snap/clion/175/bin/cmake/linux/share/cmake-3.21/Modules/FindPackageMessage.cmake",
		"/snap/clion/175/bin/cmake/linux/share/cmake-3.21/Modules/FeatureSummary.cmake",
		"/home/parham/Qt/6.1.2/gcc_64/lib/cmake/Qt6GuiTools/Qt6GuiToolsConfigVersion.cmake",
		"/home/parham/Qt/6.1.2/gcc_64/lib/cmake/Qt6GuiTools/Qt6GuiToolsConfig.cmake",
		"/snap/clion/175/bin/cmake/linux/share/cmake-3.21/Modules/CMakeFindDependencyMacro.cmake",
		"/home/parham/Qt/6.1.2/gcc_64/lib/cmake/Qt6GuiTools/Qt6GuiToolsDependencies.cmake",
		"/home/parham/Qt/6.1.2/gcc_64/lib/cmake/Qt6GuiTools/Qt6GuiToolsTargets.cmake",
		"/home/parham/Qt/6.1.2/gcc_64/lib/cmake/Qt6GuiTools/Qt6GuiToolsTargets-relwithdebinfo.cmake",
		"/home/parham/Qt/6.1.2/gcc_64/lib/cmake/Qt6GuiTools/Qt6GuiToolsAdditionalTargetInfo.cmake",
		"/home/parham/Qt/6.1.2/gcc_64/lib/cmake/Qt6GuiTools/Qt6GuiToolsVersionlessTargets.cmake",
		"/home/parham/Qt/6.1.2/gcc_64/lib/cmake/Qt6Gui/Qt6GuiTargets.cmake",
		"/home/parham/Qt/6.1.2/gcc_64/lib/cmake/Qt6Gui/Qt6GuiTargets-relwithdebinfo.cmake",
		"/home/parham/Qt/6.1.2/gcc_64/lib/cmake/Qt6Gui/Qt6GuiAdditionalTargetInfo.cmake",
		"/home/parham/Qt/6.1.2/gcc_64/lib/cmake/Qt6Gui/Qt6GuiVersionlessTargets.cmake",
		"/home/parham/Qt/6.1.2/gcc_64/lib/cmake/Qt6/QtFeature.cmake",
		"/home/parham/Qt/6.1.2/gcc_64/lib/cmake/Qt6/QtFeatureCommon.cmake",
		"/snap/clion/175/bin/cmake/linux/share/cmake-3.21/Modules/CheckCXXCompilerFlag.cmake",
		"/home/parham/Qt/6.1.2/gcc_64/lib/cmake/Qt6Widgets/Qt6WidgetsConfigVersion.cmake",
		"/home/parham/Qt/6.1.2/gcc_64/lib/cmake/Qt6Widgets/Qt6WidgetsConfig.cmake",
		"/snap/clion/175/bin/cmake/linux/share/cmake-3.21/Modules/CMakeFindDependencyMacro.cmake",
		"/home/parham/Qt/6.1.2/gcc_64/lib/cmake/Qt6Widgets/Qt6WidgetsDependencies.cmake",
		"/home/parham/Qt/6.1.2/gcc_64/lib/cmake/Qt6/Qt6ConfigVersion.cmake",
		"/home/parham/Qt/6.1.2/gcc_64/lib/cmake/Qt6/Qt6Config.cmake",
		"/home/parham/Qt/6.1.2/gcc_64/lib/cmake/Qt6/Qt6Targets.cmake",
		"/home/parham/Qt/6.1.2/gcc_64/lib/cmake/Qt6/Qt6VersionlessTargets.cmake",
		"/snap/clion/175/bin/cmake/linux/share/cmake-3.21/Modules/CMakeFindDependencyMacro.cmake",
		"/home/parham/Qt/6.1.2/gcc_64/lib/cmake/Qt6/Qt6Dependencies.cmake",
		"/snap/clion/175/bin/cmake/linux/share/cmake-3.21/Modules/FindThreads.cmake",
		"/snap/clion/175/bin/cmake/linux/share/cmake-3.21/Modules/CheckLibraryExists.cmake",
		"/snap/clion/175/bin/cmake/linux/share/cmake-3.21/Modules/CheckIncludeFile.cmake",
		"/snap/clion/175/bin/cmake/linux/share/cmake-3.21/Modules/CheckCSourceCompiles.cmake",
		"/snap/clion/175/bin/cmake/linux/share/cmake-3.21/Modules/FindPackageHandleStandardArgs.cmake",
		"/snap/clion/175/bin/cmake/linux/share/cmake-3.21/Modules/FindPackageMessage.cmake",
		"/home/parham/Qt/6.1.2/gcc_64/lib/cmake/Qt6WidgetsTools/Qt6WidgetsToolsConfigVersion.cmake",
		"/home/parham/Qt/6.1.2/gcc_64/lib/cmake/Qt6WidgetsTools/Qt6WidgetsToolsConfig.cmake",
		"/snap/clion/175/bin/cmake/linux/share/cmake-3.21/Modules/CMakeFindDependencyMacro.cmake",
		"/home/parham/Qt/6.1.2/gcc_64/lib/cmake/Qt6WidgetsTools/Qt6WidgetsToolsDependencies.cmake",
		"/home/parham/Qt/6.1.2/gcc_64/lib/cmake/Qt6WidgetsTools/Qt6WidgetsToolsTargets.cmake",
		"/home/parham/Qt/6.1.2/gcc_64/lib/cmake/Qt6WidgetsTools/Qt6WidgetsToolsTargets-relwithdebinfo.cmake",
		"/home/parham/Qt/6.1.2/gcc_64/lib/cmake/Qt6WidgetsTools/Qt6WidgetsToolsAdditionalTargetInfo.cmake",
		"/home/parham/Qt/6.1.2/gcc_64/lib/cmake/Qt6WidgetsTools/Qt6WidgetsToolsVersionlessTargets.cmake",
		"/home/parham/Qt/6.1.2/gcc_64/lib/cmake/Qt6Widgets/Qt6WidgetsTargets.cmake",
		"/home/parham/Qt/6.1.2/gcc_64/lib/cmake/Qt6Widgets/Qt6WidgetsTargets-relwithdebinfo.cmake",
		"/home/parham/Qt/6.1.2/gcc_64/lib/cmake/Qt6Widgets/Qt6WidgetsAdditionalTargetInfo.cmake",
		"/home/parham/Qt/6.1.2/gcc_64/lib/cmake/Qt6Widgets/Qt6WidgetsVersionlessTargets.cmake",
		"/home/parham/Qt/6.1.2/gcc_64/lib/cmake/Qt6Widgets/Qt6WidgetsMacros.cmake",
		"/snap/clion/175/bin/cmake/linux/share/cmake-3.21/Modules/CMakeParseArguments.cmake",
		"/home/parham/Qt/6.1.2/gcc_64/lib/cmake/Qt6/QtFeature.cmake",
		"/home/parham/Qt/6.1.2/gcc_64/lib/cmake/Qt6/QtFeatureCommon.cmake",
		"/snap/clion/175/bin/cmake/linux/share/cmake-3.21/Modules/CheckCXXCompilerFlag.cmake",
		"/home/parham/Qt/6.1.2/gcc_64/lib/cmake/Qt6Sql/Qt6SqlConfigVersion.cmake",
		"/home/parham/Qt/6.1.2/gcc_64/lib/cmake/Qt6Sql/Qt6SqlConfig.cmake",
		"/snap/clion/175/bin/cmake/linux/share/cmake-3.21/Modules/CMakeFindDependencyMacro.cmake",
		"/home/parham/Qt/6.1.2/gcc_64/lib/cmake/Qt6Sql/Qt6SqlDependencies.cmake",
		"/home/parham/Qt/6.1.2/gcc_64/lib/cmake/Qt6/Qt6ConfigVersion.cmake",
		"/home/parham/Qt/6.1.2/gcc_64/lib/cmake/Qt6/Qt6Config.cmake",
		"/home/parham/Qt/6.1.2/gcc_64/lib/cmake/Qt6/Qt6Targets.cmake",
		"/home/parham/Qt/6.1.2/gcc_64/lib/cmake/Qt6/Qt6VersionlessTargets.cmake",
		"/snap/clion/175/bin/cmake/linux/share/cmake-3.21/Modules/CMakeFindDependencyMacro.cmake",
		"/home/parham/Qt/6.1.2/gcc_64/lib/cmake/Qt6/Qt6Dependencies.cmake",
		"/snap/clion/175/bin/cmake/linux/share/cmake-3.21/Modules/FindThreads.cmake",
		"/snap/clion/175/bin/cmake/linux/share/cmake-3.21/Modules/CheckLibraryExists.cmake",
		"/snap/clion/175/bin/cmake/linux/share/cmake-3.21/Modules/CheckIncludeFile.cmake",
		"/snap/clion/175/bin/cmake/linux/share/cmake-3.21/Modules/CheckCSourceCompiles.cmake",
		"/snap/clion/175/bin/cmake/linux/share/cmake-3.21/Modules/FindPackageHandleStandardArgs.cmake",
		"/snap/clion/175/bin/cmake/linux/share/cmake-3.21/Modules/FindPackageMessage.cmake",
		"/home/parham/Qt/6.1.2/gcc_64/lib/cmake/Qt6Sql/Qt6SqlTargets.cmake",
		"/home/parham/Qt/6.1.2/gcc_64/lib/cmake/Qt6Sql/Qt6SqlTargets-relwithdebinfo.cmake",
		"/home/parham/Qt/6.1.2/gcc_64/lib/cmake/Qt6Sql/Qt6SqlAdditionalTargetInfo.cmake",
		"/home/parham/Qt/6.1.2/gcc_64/lib/cmake/Qt6Sql/Qt6SqlVersionlessTargets.cmake",
		"/home/parham/Qt/6.1.2/gcc_64/lib/cmake/Qt6/QtFeature.cmake",
		"/home/parham/Qt/6.1.2/gcc_64/lib/cmake/Qt6/QtFeatureCommon.cmake",
		"/snap/clion/175/bin/cmake/linux/share/cmake-3.21/Modules/CheckCXXCompilerFlag.cmake"
	],
	"CMAKE_SOURCE_DIR" : "/home/parham/Personal/School/Saddleback/2021 Fall/CS 1D/Project-2-CS1D",
	"DEP_FILE" : "",
	"DEP_FILE_RULE_NAME" : "",
	"HEADERS" : 
	[
		[
			"/home/parham/Personal/School/Saddleback/2021 Fall/CS 1D/Project-2-CS1D/Admin/admin.h",
			"MU",
			"72WKXQNCCO/moc_admin.cpp",
			null
		],
		[
			"/home/parham/Personal/School/Saddleback/2021 Fall/CS 1D/Project-2-CS1D/UI/display_purchases/display_purchases.h",
			"MU",
			"AL2BYNLUKZ/moc_display_purchases.cpp",
			null
		],
		[
			"/home/parham/Personal/School/Saddleback/2021 Fall/CS 1D/Project-2-CS1D/UI/display_team/display_team.h",
			"MU",
			"FW2N2CKA2M/moc_display_team.cpp",
			null
		],
		[
			"/home/parham/Personal/School/Saddleback/2021 Fall/CS 1D/Project-2-CS1D/UI/edit_souvenirs/edit_souvenirs.h",
			"MU",
			"VDYCIEVFJA/moc_edit_souvenirs.cpp",
			null
		],
		[
			"/home/parham/Personal/School/Saddleback/2021 Fall/CS 1D/Project-2-CS1D/UI/edit_teams/edit_teams.h",
			"MU",
			"YENAB5UYF2/moc_edit_teams.cpp",
			null
		],
		[
			"/home/parham/Personal/School/Saddleback/2021 Fall/CS 1D/Project-2-CS1D/UI/login/login.h",
			"MU",
			"SOFTFQEKRY/moc_login.cpp",
			null
		],
		[
			"/home/parham/Personal/School/Saddleback/2021 Fall/CS 1D/Project-2-CS1D/UI/mainwindow/mainwindow.h",
			"MU",
			"O5RJBQJ2SM/moc_mainwindow.cpp",
			null
		],
		[
			"/home/parham/Personal/School/Saddleback/2021 Fall/CS 1D/Project-2-CS1D/UI/purchase_souvenirs/purchase_souvenirs.h",
			"MU",
			"6SRJO2NWVG/moc_purchase_souvenirs.cpp",
			null
		],
		[
			"/home/parham/Personal/School/Saddleback/2021 Fall/CS 1D/Project-2-CS1D/UI/trip/trip.h",
			"MU",
			"6OEE276SNB/moc_trip.cpp",
			null
		],
		[
			"/home/parham/Personal/School/Saddleback/2021 Fall/CS 1D/Project-2-CS1D/db.h",
			"MU",
			"EWIEGA46WW/moc_db.cpp",
			null
		],
		[
			"/home/parham/Personal/School/Saddleback/2021 Fall/CS 1D/Project-2-CS1D/manage_teams/manage_teams.h",
			"MU",
			"TUS4XMQX34/moc_manage_teams.cpp",
			null
		]
	],
	"HEADER_EXTENSIONS" : [ "h", "hh", "h++", "hm", "hpp", "hxx", "in", "txx" ],
	"INCLUDE_DIR" : "/home/parham/Personal/School/Saddleback/2021 Fall/CS 1D/Project-2-CS1D/cmake-build-debug/Project-2-CS1D_autogen/include",
	"MOC_COMPILATION_FILE" : "/home/parham/Personal/School/Saddleback/2021 Fall/CS 1D/Project-2-CS1D/cmake-build-debug/Project-2-CS1D_autogen/mocs_compilation.cpp",
	"MOC_DEFINITIONS" : [ "QT_CORE_LIB", "QT_GUI_LIB", "QT_SQL_LIB", "QT_WIDGETS_LIB" ],
	"MOC_DEPEND_FILTERS" : 
	[
		[
			"Q_PLUGIN_METADATA",
			"[\n][ \t]*Q_PLUGIN_METADATA[ \t]*\\([^\\)]*FILE[ \t]*\"([^\"]+)\""
		]
	],
	"MOC_INCLUDES" : 
	[
		"/home/parham/Qt/6.1.2/gcc_64/include/QtCore",
		"/home/parham/Qt/6.1.2/gcc_64/include",
		"/home/parham/Qt/6.1.2/gcc_64/mkspecs/linux-g++",
		"/home/parham/Qt/6.1.2/gcc_64/include/QtGui",
		"/home/parham/Qt/6.1.2/gcc_64/include/QtWidgets",
		"/home/parham/Qt/6.1.2/gcc_64/include/QtSql",
		"/usr/include",
		"/usr/include/c++/9",
		"/usr/include/x86_64-linux-gnu/c++/9",
		"/usr/include/c++/9/backward",
		"/usr/lib/gcc/x86_64-linux-gnu/9/include",
		"/usr/local/include",
		"/usr/include/x86_64-linux-gnu"
	],
	"MOC_MACRO_NAMES" : [ "Q_OBJECT", "Q_GADGET", "Q_NAMESPACE", "Q_NAMESPACE_EXPORT" ],
	"MOC_OPTIONS" : [],
	"MOC_PATH_PREFIX" : false,
	"MOC_PREDEFS_CMD" : 
	[
		"/usr/bin/c++",
		"-dM",
		"-E",
		"-c",
		"/snap/clion/175/bin/cmake/linux/share/cmake-3.21/Modules/CMakeCXXCompilerABI.cpp"
	],
	"MOC_PREDEFS_FILE" : "/home/parham/Personal/School/Saddleback/2021 Fall/CS 1D/Project-2-CS1D/cmake-build-debug/Project-2-CS1D_autogen/moc_predefs.h",
	"MOC_RELAXED_MODE" : false,
	"MOC_SKIP" : [],
	"MULTI_CONFIG" : false,
	"PARALLEL" : 2,
	"PARSE_CACHE_FILE" : "/home/parham/Personal/School/Saddleback/2021 Fall/CS 1D/Project-2-CS1D/cmake-build-debug/CMakeFiles/Project-2-CS1D_autogen.dir/ParseCache.txt",
	"QT_MOC_EXECUTABLE" : "/home/parham/Qt/6.1.2/gcc_64/./libexec/moc",
	"QT_UIC_EXECUTABLE" : "/home/parham/Qt/6.1.2/gcc_64/./libexec/uic",
	"QT_VERSION_MAJOR" : 6,
	"QT_VERSION_MINOR" : 1,
	"SETTINGS_FILE" : "/home/parham/Personal/School/Saddleback/2021 Fall/CS 1D/Project-2-CS1D/cmake-build-debug/CMakeFiles/Project-2-CS1D_autogen.dir/AutogenUsed.txt",
	"SOURCES" : 
	[
		[
			"/home/parham/Personal/School/Saddleback/2021 Fall/CS 1D/Project-2-CS1D/Admin/admin.cpp",
			"MU",
			null
		],
		[
			"/home/parham/Personal/School/Saddleback/2021 Fall/CS 1D/Project-2-CS1D/UI/display_purchases/display_purchases.cpp",
			"MU",
			null
		],
		[
			"/home/parham/Personal/School/Saddleback/2021 Fall/CS 1D/Project-2-CS1D/UI/display_team/display_team.cpp",
			"MU",
			null
		],
		[
			"/home/parham/Personal/School/Saddleback/2021 Fall/CS 1D/Project-2-CS1D/UI/edit_souvenirs/edit_souvenirs.cpp",
			"MU",
			null
		],
		[
			"/home/parham/Personal/School/Saddleback/2021 Fall/CS 1D/Project-2-CS1D/UI/edit_teams/edit_teams.cpp",
			"MU",
			null
		],
		[
			"/home/parham/Personal/School/Saddleback/2021 Fall/CS 1D/Project-2-CS1D/UI/login/login.cpp",
			"MU",
			null
		],
		[
			"/home/parham/Personal/School/Saddleback/2021 Fall/CS 1D/Project-2-CS1D/UI/mainwindow/mainwindow.cpp",
			"MU",
			null
		],
		[
			"/home/parham/Personal/School/Saddleback/2021 Fall/CS 1D/Project-2-CS1D/UI/purchase_souvenirs/purchase_souvenirs.cpp",
			"MU",
			null
		],
		[
			"/home/parham/Personal/School/Saddleback/2021 Fall/CS 1D/Project-2-CS1D/UI/trip/trip.cpp",
			"MU",
			null
		],
		[
			"/home/parham/Personal/School/Saddleback/2021 Fall/CS 1D/Project-2-CS1D/db.cpp",
			"MU",
			null
		],
		[
			"/home/parham/Personal/School/Saddleback/2021 Fall/CS 1D/Project-2-CS1D/main.cpp",
			"MU",
			null
		],
		[
			"/home/parham/Personal/School/Saddleback/2021 Fall/CS 1D/Project-2-CS1D/manage_teams/manage_teams.cpp",
			"MU",
			null
		]
	],
	"UIC_OPTIONS" : [],
	"UIC_SEARCH_PATHS" : [],
	"UIC_SKIP" : [],
	"UIC_UI_FILES" : [],
	"VERBOSITY" : 0
}
